name,value,euros,ordre
Huîtres,80910,403.808758231964,1
Autres,11650,115.092,2
Truites,34720,141.875272217391,3
Moules,66320,149.508978626217,4